pais,anio_num,cultivo,produccion,rendimiento,superficie
Alemania,2011,Café,745221,2.24,332472
Alemania,2011,Caña de azúcar,374446753,70.14,5338785
Alemania,2011,Cebada,2838516,3.34,850939
Alemania,2011,Girasol,46148,4.01,11512
Alemania,2011,Maíz,22672727,9.34,2427380
Alemania,2011,Soja,17310419,3.21,5398254
Alemania,2011,Trigo,23847803,5.87,4062211
Alemania,2011,Té,573983,2.38,241629
Alemania,2012,Café,584593,1.25,465996
Alemania,2012,Caña de azúcar,242465865,101.16,2396761
Alemania,2012,Cebada,3933606,5.61,701274
Alemania,2012,Girasol,16246391,3.77,4309725
Alemania,2012,Maíz,52096663,8.57,6079788
Alemania,2012,Soja,24195335,4.68,5174134
Alemania,2012,Trigo,10308998,3.92,2629886
Alemania,2012,Té,380432,2.19,173624
Alemania,2013,Café,422736,1.14,370947
Alemania,2013,Caña de azúcar,65698549,71.14,923474
Alemania,2013,Cebada,4865054,3.5,1389206
Alemania,2013,Girasol,4386555,1.86,2361916
Alemania,2013,Maíz,58852779,8.7,6763106
Alemania,2013,Soja,18623769,3.82,4872539
Alemania,2013,Trigo,12552324,4.86,2581351
Alemania,2013,Té,937549,3.05,307453
Alemania,2014,Café,314329,2.5,125645
Alemania,2014,Caña de azúcar,320503951,130.07,2464081
Alemania,2014,Cebada,6717294,4.0,1680186
Alemania,2014,Girasol,5602407,1.8,3119278
Alemania,2014,Maíz,10671889,5.42,1970628
Alemania,2014,Soja,5847509,2.64,2212295
Alemania,2014,Trigo,9007544,3.68,2448628
Alemania,2014,Té,148035,1.63,90740
Alemania,2015,Café,800024,2.07,385881
Alemania,2015,Caña de azúcar,363043576,95.61,3797050
Alemania,2015,Cebada,11198736,6.13,1826359
Alemania,2015,Girasol,2151027,1.45,1484901
Alemania,2015,Maíz,39734991,5.5,7225117
Alemania,2015,Soja,2675561,3.39,789168
Alemania,2015,Trigo,510303,3.13,163030
Alemania,2015,Té,64087,1.78,36065
Alemania,2016,Café,110423,0.82,134399
Alemania,2016,Caña de azúcar,601271048,102.35,5874725
Alemania,2016,Cebada,1976410,3.2,617228
Alemania,2016,Girasol,8079622,1.61,5006056
Alemania,2016,Maíz,38469124,6.9,5577029
Alemania,2016,Soja,39906614,5.1,7824449
Alemania,2016,Trigo,1671878,3.15,530001
Alemania,2016,Té,1125495,3.48,322978
Alemania,2017,Café,197697,0.91,217241
Alemania,2017,Caña de azúcar,140910944,112.72,1250135
Alemania,2017,Cebada,2092322,2.68,779864
Alemania,2017,Girasol,2910842,3.78,770718
Alemania,2017,Maíz,13296633,5.26,2529076
Alemania,2017,Soja,17421273,3.09,5644663
Alemania,2017,Trigo,12013771,3.96,3031845
Alemania,2017,Té,346798,2.91,119253
Alemania,2018,Café,432668,1.51,287174
Alemania,2018,Caña de azúcar,217830531,113.29,1922703
Alemania,2018,Cebada,3104287,2.78,1117777
Alemania,2018,Girasol,9423673,2.78,3391922
Alemania,2018,Maíz,57762771,6.87,8402185
Alemania,2018,Soja,19746956,4.04,4889234
Alemania,2018,Trigo,4204221,4.16,1011512
Alemania,2018,Té,246949,2.12,116256
Alemania,2019,Café,254045,0.64,394263
Alemania,2019,Caña de azúcar,589758724,106.9,5516868
Alemania,2019,Cebada,515150,5.43,94822
Alemania,2019,Girasol,4609433,3.15,1462104
Alemania,2019,Maíz,89286894,11.03,8095649
Alemania,2019,Soja,5675885,3.88,1463520
Alemania,2019,Trigo,25894516,7.0,3700533
Alemania,2019,Té,535596,2.57,208210
Alemania,2020,Café,400243,2.76,144804
Alemania,2020,Caña de azúcar,112195123,86.17,1301996
Alemania,2020,Cebada,4859168,4.32,1124437
Alemania,2020,Girasol,14547154,2.47,5891856
Alemania,2020,Maíz,26737263,5.94,4498613
Alemania,2020,Soja,35738183,3.82,9365600
Alemania,2020,Trigo,30708729,6.84,4489698
Alemania,2020,Té,443660,2.3,193124
Argentina,2011,Algodón,1929756,1.18,1638327
Argentina,2011,Café,384031,1.61,238479
Argentina,2011,Cebada,4596917,2.77,1661577
Argentina,2011,Girasol,1436089,3.59,400408
Argentina,2011,Maíz,28485921,8.45,3371781
Argentina,2011,Soja,10465461,2.22,4703643
Argentina,2011,Trigo,3294702,5.25,627742
Argentina,2011,Té,577886,3.07,188518
Argentina,2012,Algodón,2125899,3.14,676195
Argentina,2012,Café,255495,1.79,142829
Argentina,2012,Cebada,9791625,5.21,1878820
Argentina,2012,Girasol,10930665,2.32,4717670
Argentina,2012,Maíz,28032958,5.4,5195860
Argentina,2012,Soja,18722616,3.26,5742860
Argentina,2012,Trigo,19961382,8.67,2301854
Argentina,2012,Té,393950,1.84,213792
Argentina,2013,Algodón,5338042,1.7,3134608
Argentina,2013,Café,617863,1.76,350614
Argentina,2013,Cebada,5634708,4.83,1166539
Argentina,2013,Girasol,1472007,1.41,1043240
Argentina,2013,Maíz,34977816,4.09,8547523
Argentina,2013,Soja,5478586,3.14,1746490
Argentina,2013,Trigo,12652195,3.17,3993322
Argentina,2013,Té,605567,2.53,239649
Argentina,2014,Algodón,1876140,2.44,767759
Argentina,2014,Café,56187,1.81,31012
Argentina,2014,Cebada,1029879,3.35,307216
Argentina,2014,Girasol,6761835,2.23,3031400
Argentina,2014,Maíz,7615290,4.07,1869306
Argentina,2014,Soja,8318994,2.37,3515508
Argentina,2014,Trigo,13923967,3.05,4568180
Argentina,2014,Té,406569,1.28,316633
Argentina,2015,Algodón,2321417,2.0,1159474
Argentina,2015,Café,128997,2.24,57537
Argentina,2015,Cebada,7455970,5.28,1412147
Argentina,2015,Girasol,8249296,1.61,5139424
Argentina,2015,Maíz,59471302,5.98,9940032
Argentina,2015,Soja,8606247,3.97,2166107
Argentina,2015,Trigo,10818005,5.09,2126877
Argentina,2015,Té,708453,2.27,312383
Argentina,2016,Algodón,5178909,4.68,1107254
Argentina,2016,Café,66169,1.02,64708
Argentina,2016,Cebada,5186979,3.72,1395478
Argentina,2016,Girasol,9604766,3.11,3091090
Argentina,2016,Maíz,50489823,6.63,7612796
Argentina,2016,Soja,1379775,2.89,476888
Argentina,2016,Trigo,7525604,3.44,2185758
Argentina,2016,Té,277394,2.24,124017
Argentina,2017,Algodón,10287257,4.14,2484154
Argentina,2017,Café,668055,1.73,385154
Argentina,2017,Cebada,4716454,4.48,1052089
Argentina,2017,Girasol,5664213,1.88,3013252
Argentina,2017,Maíz,27375849,7.26,3769397
Argentina,2017,Soja,21656516,4.16,5205491
Argentina,2017,Trigo,13314441,4.28,3112871
Argentina,2017,Té,3729,2.42,1542
Argentina,2018,Algodón,1526116,2.79,547283
Argentina,2018,Café,1002924,1.98,507390
Argentina,2018,Cebada,5030855,3.42,1469060
Argentina,2018,Girasol,13875282,2.69,5154094
Argentina,2018,Maíz,12117610,3.78,3206769
Argentina,2018,Soja,20666579,3.85,5362866
Argentina,2018,Trigo,7551720,3.56,2122111
Argentina,2018,Té,119051,2.48,48076
Argentina,2019,Algodón,3917824,4.71,832592
Argentina,2019,Café,284510,1.23,231679
Argentina,2019,Cebada,5350442,6.66,803243
Argentina,2019,Girasol,465199,1.8,258647
Argentina,2019,Maíz,47122614,7.19,6550902
Argentina,2019,Soja,4151744,3.14,1321690
Argentina,2019,Trigo,956805,6.05,158063
Argentina,2019,Té,221839,1.79,123988
Argentina,2020,Algodón,9410237,2.72,3457606
Argentina,2020,Café,886916,2.01,440698
Argentina,2020,Cebada,8738359,5.01,1744383
Argentina,2020,Girasol,4684483,1.48,3163106
Argentina,2020,Maíz,13683934,6.53,2094642
Argentina,2020,Soja,18337419,2.54,7226711
Argentina,2020,Trigo,30567194,7.19,4248426
Argentina,2020,Té,435322,1.7,256100
Australia,2011,Algodón,3434095,1.56,2206270
Australia,2011,Arroz,12587131,8.72,1443327
Australia,2011,Café,237431,0.77,308199
Australia,2011,Caña de azúcar,137447283,137.24,1001514
Australia,2011,Maíz,20872562,3.36,6219497
Australia,2011,Soja,18596653,2.39,7768365
Australia,2011,Trigo,2391721,7.22,331327
Australia,2011,Té,903477,3.03,298424
Australia,2012,Algodón,2466599,2.55,965820
Australia,2012,Arroz,10965687,6.69,1637896
Australia,2012,Café,270418,1.02,264359
Australia,2012,Caña de azúcar,1008690861,129.56,7785219
Australia,2012,Maíz,18126940,4.17,4343656
Australia,2012,Soja,23642897,3.13,7542892
Australia,2012,Trigo,32833009,8.64,3799806
Australia,2012,Té,275627,2.21,124867
Australia,2013,Algodón,4563957,2.19,2088403
Australia,2013,Arroz,19014294,6.56,2899474
Australia,2013,Café,159783,1.41,113037
Australia,2013,Caña de azúcar,592355399,64.46,9189700
Australia,2013,Maíz,16004714,3.63,4407390
Australia,2013,Soja,27191660,4.15,6556473
Australia,2013,Trigo,15721855,3.35,4696449
Australia,2013,Té,385360,3.12,123454
Australia,2014,Algodón,5752139,3.88,1481058
Australia,2014,Arroz,7632147,3.92,1944988
Australia,2014,Café,936963,2.89,324723
Australia,2014,Caña de azúcar,384067874,72.59,5290671
Australia,2014,Maíz,37455534,5.73,6531813
Australia,2014,Soja,8907871,3.97,2244285
Australia,2014,Trigo,7136735,2.05,3476318
Australia,2014,Té,445691,2.01,221894
Australia,2015,Algodón,3031396,1.62,1870001
Australia,2015,Arroz,2731135,4.24,644651
Australia,2015,Café,643167,1.17,551740
Australia,2015,Caña de azúcar,586170421,96.56,6070506
Australia,2015,Maíz,2222163,3.44,645706
Australia,2015,Soja,2279595,2.97,767198
Australia,2015,Trigo,2172736,2.75,790265
Australia,2015,Té,620520,1.99,311112
Australia,2016,Algodón,700214,2.19,319480
Australia,2016,Arroz,2071352,6.68,309920
Australia,2016,Café,274886,1.79,153319
Australia,2016,Caña de azúcar,729636360,82.6,8832950
Australia,2016,Maíz,31052695,6.08,5105162
Australia,2016,Soja,5344128,3.21,1665701
Australia,2016,Trigo,750978,7.6,98864
Australia,2016,Té,62991,1.31,48267
Australia,2017,Algodón,6379282,2.56,2491618
Australia,2017,Arroz,11413814,3.53,3233693
Australia,2017,Café,1078436,2.01,537136
Australia,2017,Caña de azúcar,802401871,111.25,7212487
Australia,2017,Maíz,5509992,7.43,741939
Australia,2017,Soja,12126289,2.03,5977275
Australia,2017,Trigo,10707457,6.4,1672722
Australia,2017,Té,132919,1.83,72491
Australia,2018,Algodón,3869012,1.57,2469121
Australia,2018,Arroz,1850286,4.68,395530
Australia,2018,Café,16905,1.7,9920
Australia,2018,Caña de azúcar,146301161,65.01,2250318
Australia,2018,Maíz,40163584,8.76,4585426
Australia,2018,Soja,2656622,2.47,1074815
Australia,2018,Trigo,35636625,8.1,4398023
Australia,2018,Té,344172,1.6,215254
Australia,2019,Algodón,6853810,3.36,2039407
Australia,2019,Arroz,9620926,6.56,1467167
Australia,2019,Café,532358,2.11,251721
Australia,2019,Caña de azúcar,982789345,129.82,7570554
Australia,2019,Maíz,19077011,3.16,6035115
Australia,2019,Soja,14435410,3.15,4581573
Australia,2019,Trigo,18164468,3.45,5260492
Australia,2019,Té,550306,2.48,221563
Australia,2020,Algodón,3822656,3.16,1208438
Australia,2020,Arroz,13449986,6.23,2159860
Australia,2020,Café,255485,0.85,301214
Australia,2020,Caña de azúcar,73355784,124.19,590686
Australia,2020,Maíz,71978243,7.04,10226132
Australia,2020,Soja,24994058,4.25,5879312
Australia,2020,Trigo,9159527,4.65,1968130
Australia,2020,Té,92174,2.47,37384
Brasil,2011,Algodón,8438524,3.76,2243064
Brasil,2011,Arroz,5904963,4.38,1347714
Brasil,2011,Café,197465,1.11,177446
Brasil,2011,Caña de azúcar,1117450621,125.62,8895477
Brasil,2011,Cebada,6581725,4.45,1479338
Brasil,2011,Girasol,5553473,1.24,4468704
Brasil,2011,Soja,7927168,3.3,2403160
Brasil,2011,Té,211558,1.65,128089
Brasil,2012,Algodón,1051956,1.07,979089
Brasil,2012,Arroz,3078435,6.75,455952
Brasil,2012,Café,718560,2.19,327747
Brasil,2012,Caña de azúcar,495101188,105.94,4673461
Brasil,2012,Cebada,969566,2.92,332518
Brasil,2012,Girasol,4264818,2.5,1707210
Brasil,2012,Soja,23820326,3.11,7669673
Brasil,2012,Té,324561,2.73,119017
Brasil,2013,Algodón,1544979,3.52,438489
Brasil,2013,Arroz,4879482,7.26,671704
Brasil,2013,Café,524747,1.76,297899
Brasil,2013,Caña de azúcar,406647504,52.04,7814033
Brasil,2013,Cebada,3908034,4.53,862695
Brasil,2013,Girasol,58380,2.79,20934
Brasil,2013,Soja,12063146,4.59,2627794
Brasil,2013,Té,317080,2.15,147671
Brasil,2014,Algodón,3949811,2.09,1885571
Brasil,2014,Arroz,11488616,4.07,2825946
Brasil,2014,Café,204949,0.98,208293
Brasil,2014,Caña de azúcar,1134706673,106.85,10620028
Brasil,2014,Cebada,3026303,3.8,796024
Brasil,2014,Girasol,13835122,2.94,4709021
Brasil,2014,Soja,3324660,2.93,1133776
Brasil,2014,Té,295000,2.02,146103
Brasil,2015,Algodón,456333,1.71,266349
Brasil,2015,Arroz,8001722,4.81,1661999
Brasil,2015,Café,1066105,2.13,500792
Brasil,2015,Caña de azúcar,164509104,104.64,1572151
Brasil,2015,Cebada,1158588,5.47,211840
Brasil,2015,Girasol,6338414,2.06,3071195
Brasil,2015,Soja,27627853,3.73,7404309
Brasil,2015,Té,97056,1.19,81632
Brasil,2016,Algodón,4323554,3.24,1335715
Brasil,2016,Arroz,8647363,5.9,1465122
Brasil,2016,Café,712279,1.69,422646
Brasil,2016,Caña de azúcar,296529437,118.44,2503622
Brasil,2016,Cebada,4608834,6.24,738885
Brasil,2016,Girasol,1823932,1.66,1100687
Brasil,2016,Soja,9227256,4.4,2097553
Brasil,2016,Té,431842,2.2,196325
Brasil,2017,Algodón,7074498,3.34,2118922
Brasil,2017,Arroz,11615734,7.16,1621472
Brasil,2017,Café,25860,1.94,13318
Brasil,2017,Caña de azúcar,484412010,60.54,8001831
Brasil,2017,Cebada,5945832,6.34,938327
Brasil,2017,Girasol,12621748,2.3,5490058
Brasil,2017,Soja,21694268,3.06,7085824
Brasil,2017,Té,444531,1.77,250595
Brasil,2018,Algodón,1286021,2.59,496481
Brasil,2018,Arroz,4925107,3.82,1289325
Brasil,2018,Café,161490,1.11,145039
Brasil,2018,Caña de azúcar,281213415,71.46,3935472
Brasil,2018,Cebada,14058098,5.63,2496445
Brasil,2018,Girasol,10693279,2.33,4593482
Brasil,2018,Soja,20135347,3.92,5139802
Brasil,2018,Té,161609,2.5,64771
Brasil,2019,Algodón,7300286,4.12,1773095
Brasil,2019,Arroz,19034059,6.23,3053967
Brasil,2019,Café,305118,1.13,270778
Brasil,2019,Caña de azúcar,622322406,114.04,5457022
Brasil,2019,Cebada,2576002,5.15,499859
Brasil,2019,Girasol,14362621,4.02,3575193
Brasil,2019,Soja,3416050,3.53,967007
Brasil,2019,Té,339438,1.43,237014
Brasil,2020,Algodón,1330504,3.39,392781
Brasil,2020,Arroz,4824901,4.89,985848
Brasil,2020,Café,255028,1.21,211553
Brasil,2020,Caña de azúcar,791369186,85.17,9291726
Brasil,2020,Cebada,5273227,3.18,1658739
Brasil,2020,Girasol,9821497,2.28,4309998
Brasil,2020,Soja,9800172,5.35,1832113
Brasil,2020,Té,123819,1.83,67736
Canadá,2011,Algodón,2930799,1.62,1804515
Canadá,2011,Café,1011734,2.07,488857
Canadá,2011,Cebada,605290,2.79,216943
Canadá,2011,Girasol,11664945,2.51,4646518
Canadá,2011,Maíz,56940759,8.24,6908813
Canadá,2011,Soja,25856568,4.13,6254032
Canadá,2011,Trigo,11537269,3.35,3447014
Canadá,2011,Té,649630,2.62,248132
Canadá,2012,Algodón,678713,2.3,295712
Canadá,2012,Café,622440,1.71,364301
Canadá,2012,Cebada,6979736,4.4,1587445
Canadá,2012,Girasol,4968786,1.54,3222852
Canadá,2012,Maíz,9651947,3.27,2947701
Canadá,2012,Soja,3690568,3.15,1172792
Canadá,2012,Trigo,11062828,3.47,3191974
Canadá,2012,Té,170649,1.86,91662
Canadá,2013,Algodón,2312470,1.76,1312605
Canadá,2013,Café,752743,2.04,368100
Canadá,2013,Cebada,2293734,3.77,607890
Canadá,2013,Girasol,10237643,2.71,3773612
Canadá,2013,Maíz,46479474,6.54,7108726
Canadá,2013,Soja,13495623,4.92,2744901
Canadá,2013,Trigo,15492159,7.04,2201505
Canadá,2013,Té,318827,2.93,108779
Canadá,2014,Algodón,273060,0.73,375914
Canadá,2014,Café,357286,0.82,433122
Canadá,2014,Cebada,1015564,4.47,226944
Canadá,2014,Girasol,323502,2.1,154263
Canadá,2014,Maíz,1941216,6.38,304039
Canadá,2014,Soja,16389617,3.14,5216721
Canadá,2014,Trigo,29350961,7.67,3827883
Canadá,2014,Té,47624,1.73,27470
Canadá,2015,Algodón,5644196,2.53,2232604
Canadá,2015,Café,325610,0.65,497211
Canadá,2015,Cebada,5976615,3.39,1764281
Canadá,2015,Girasol,3401053,1.92,1771021
Canadá,2015,Maíz,47335093,9.6,4929105
Canadá,2015,Soja,5012555,2.49,2013556
Canadá,2015,Trigo,20139124,3.69,5454388
Canadá,2015,Té,158122,1.96,80829
Canadá,2016,Algodón,1851895,1.28,1444532
Canadá,2016,Café,362132,1.03,352323
Canadá,2016,Cebada,1977265,3.18,622268
Canadá,2016,Girasol,411687,2.04,201865
Canadá,2016,Maíz,42338156,8.51,4973395
Canadá,2016,Soja,7026224,3.01,2332563
Canadá,2016,Trigo,179034,2.7,66221
Canadá,2016,Té,235569,2.8,84271
Canadá,2017,Algodón,3792750,3.48,1089370
Canadá,2017,Café,69796,2.26,30906
Canadá,2017,Cebada,3490854,4.07,857573
Canadá,2017,Girasol,6783722,2.29,2958416
Canadá,2017,Maíz,31530256,4.34,7266389
Canadá,2017,Soja,20887374,2.91,7167439
Canadá,2017,Trigo,34298955,10.14,3383017
Canadá,2017,Té,68722,1.67,41157
Canadá,2018,Algodón,5961916,2.93,2038137
Canadá,2018,Café,153991,1.3,118266
Canadá,2018,Cebada,6624671,4.24,1564230
Canadá,2018,Girasol,9965710,2.66,3746391
Canadá,2018,Maíz,33103476,5.01,6608737
Canadá,2018,Soja,5669552,3.56,1594394
Canadá,2018,Trigo,2601509,2.98,873956
Canadá,2018,Té,335768,1.73,193737
Canadá,2019,Algodón,590178,1.12,524740
Canadá,2019,Café,308162,1.25,246254
Canadá,2019,Cebada,1779861,5.35,332542
Canadá,2019,Girasol,10124173,2.11,4796083
Canadá,2019,Maíz,80315674,6.36,12630627
Canadá,2019,Soja,4177444,3.44,1213285
Canadá,2019,Trigo,16964164,7.14,2374527
Canadá,2019,Té,670267,3.25,206128
Canadá,2020,Algodón,332256,1.94,170885
Canadá,2020,Café,628964,2.69,233432
Canadá,2020,Cebada,4437110,3.9,1139023
Canadá,2020,Girasol,2251330,2.92,769815
Canadá,2020,Maíz,32617556,10.2,3198070
Canadá,2020,Soja,2176149,5.12,425259
Canadá,2020,Trigo,3255965,4.13,788131
Canadá,2020,Té,115303,1.84,62577
China,2011,Arroz,4021333,4.59,875165
China,2011,Café,87822,0.9,97729
China,2011,Caña de azúcar,98033799,50.76,1931131
China,2011,Cebada,4155217,3.27,1271965
China,2011,Girasol,130884,2.76,47398
China,2011,Soja,12261231,2.64,4644712
China,2011,Trigo,11851403,2.68,4422500
China,2011,Té,347464,1.33,261190
China,2012,Arroz,9122751,5.96,1531472
China,2012,Café,481415,2.43,198173
China,2012,Caña de azúcar,1125569194,123.63,9104123
China,2012,Cebada,953002,4.01,237546
China,2012,Girasol,8797410,2.05,4292269
China,2012,Soja,7263071,2.99,2428440
China,2012,Trigo,21237643,8.2,2590284
China,2012,Té,503866,3.09,162985
China,2013,Arroz,9951397,4.8,2071946
China,2013,Café,182249,1.08,168227
China,2013,Caña de azúcar,1154381363,119.82,9634196
China,2013,Cebada,776624,4.77,162761
China,2013,Girasol,16177539,4.43,3647762
China,2013,Soja,24173528,3.3,7331881
China,2013,Trigo,13186433,7.09,1859291
China,2013,Té,318873,2.75,115793
China,2014,Arroz,21385952,7.56,2828444
China,2014,Café,117115,1.26,93062
China,2014,Caña de azúcar,740438928,81.92,9038849
China,2014,Cebada,1305275,4.54,287667
China,2014,Girasol,3153321,1.39,2263661
China,2014,Soja,23418954,3.65,6421797
China,2014,Trigo,20759381,7.03,2953369
China,2014,Té,603049,2.3,262525
China,2015,Arroz,6608017,5.27,1254940
China,2015,Café,260308,0.62,418815
China,2015,Caña de azúcar,281215400,97.71,2878085
China,2015,Cebada,4791882,5.45,878914
China,2015,Girasol,4932350,1.81,2730337
China,2015,Soja,28692208,3.89,7377577
China,2015,Trigo,4241102,2.28,1861984
China,2015,Té,557752,2.17,256520
China,2016,Arroz,1452861,6.15,236390
China,2016,Café,444941,0.99,449818
China,2016,Caña de azúcar,464169709,68.19,6807040
China,2016,Cebada,4731015,2.72,1737707
China,2016,Girasol,2669201,2.0,1336372
China,2016,Soja,24730989,3.6,6866178
China,2016,Trigo,11433534,6.41,1782936
China,2016,Té,741964,2.76,269207
China,2017,Arroz,2653907,6.32,419700
China,2017,Café,168072,0.83,201664
China,2017,Caña de azúcar,18047536,71.24,253342
China,2017,Cebada,7910729,7.12,1111442
China,2017,Girasol,1269114,2.79,454724
China,2017,Soja,397037,3.22,123256
China,2017,Trigo,42279937,7.75,5456740
China,2017,Té,75435,1.73,43503
China,2018,Arroz,12466890,5.29,2355408
China,2018,Café,563765,1.81,310620
China,2018,Caña de azúcar,96897113,94.72,1022944
China,2018,Cebada,3305596,4.89,675906
China,2018,Girasol,9590952,3.0,3195579
China,2018,Soja,18301075,3.01,6089943
China,2018,Trigo,17641712,5.35,3298526
China,2018,Té,24383,1.52,16083
China,2019,Arroz,6896976,4.0,1725992
China,2019,Café,283947,0.71,400731
China,2019,Caña de azúcar,636724571,83.65,7611704
China,2019,Cebada,820195,2.54,323320
China,2019,Girasol,4313175,1.78,2427346
China,2019,Soja,899069,3.03,296646
China,2019,Trigo,4888424,3.02,1616415
China,2019,Té,473306,2.47,191851
China,2020,Arroz,25412303,8.28,3069096
China,2020,Café,321465,1.08,296959
China,2020,Caña de azúcar,771463505,77.85,9910030
China,2020,Cebada,9286449,7.22,1286586
China,2020,Girasol,21667266,3.42,6340629
China,2020,Soja,28902024,3.85,7497946
China,2020,Trigo,8267307,2.84,2912319
China,2020,Té,38266,1.09,35001
España,2011,Algodón,1800037,1.75,1029912
España,2011,Café,520803,1.04,499923
España,2011,Caña de azúcar,352841935,68.0,5189050
España,2011,Cebada,4005004,7.65,523578
España,2011,Girasol,532208,2.79,190718
España,2011,Soja,13910301,2.81,4958537
España,2011,Trigo,36372900,7.96,4571438
España,2011,Té,295658,2.3,128356
España,2012,Algodón,3332074,2.41,1383355
España,2012,Café,562544,1.27,442584
España,2012,Caña de azúcar,1052068524,116.51,9030235
España,2012,Cebada,7596495,5.43,1399366
España,2012,Girasol,5595642,2.07,2702341
España,2012,Soja,11225449,3.7,3033586
España,2012,Trigo,13290706,3.88,3426994
España,2012,Té,447903,2.05,218480
España,2013,Algodón,4273848,2.55,1676763
España,2013,Café,225795,0.78,288226
España,2013,Caña de azúcar,72645118,80.24,905293
España,2013,Cebada,912819,3.24,281992
España,2013,Girasol,2749791,1.86,1475435
España,2013,Soja,7478750,3.81,1960535
España,2013,Trigo,25781762,7.06,3652371
España,2013,Té,110379,1.19,93057
España,2014,Algodón,1268119,1.38,921293
España,2014,Café,354906,1.38,257777
España,2014,Caña de azúcar,170771929,62.69,2723853
España,2014,Cebada,3737635,5.63,663839
España,2014,Girasol,3867404,2.75,1403984
España,2014,Soja,4466223,1.99,2249195
España,2014,Trigo,10344364,2.25,4600345
España,2014,Té,302134,1.48,204440
España,2015,Algodón,5496897,2.22,2475291
España,2015,Café,481027,2.1,228848
España,2015,Caña de azúcar,550857166,104.68,5262490
España,2015,Cebada,8265552,5.13,1612170
España,2015,Girasol,8757623,2.51,3483451
España,2015,Soja,18161874,2.94,6176236
España,2015,Trigo,15355034,7.83,1961350
España,2015,Té,968532,2.95,328401
España,2016,Algodón,618034,3.11,198835
España,2016,Café,570016,1.19,477860
España,2016,Caña de azúcar,514502307,59.79,8604745
España,2016,Cebada,5100699,3.16,1616655
España,2016,Girasol,10748575,2.65,4061716
España,2016,Soja,12440102,3.16,3934817
España,2016,Trigo,32446693,6.65,4882380
España,2016,Té,504630,2.8,180220
España,2017,Algodón,6466262,2.17,2976829
España,2017,Café,302785,1.07,283598
España,2017,Caña de azúcar,661957822,85.5,7742620
España,2017,Cebada,6373107,4.25,1498195
España,2017,Girasol,2327068,1.59,1467051
España,2017,Soja,20001566,4.13,4842133
España,2017,Trigo,5060773,3.53,1435673
España,2017,Té,620805,2.69,230616
España,2018,Algodón,9775063,2.96,3302768
España,2018,Café,500050,1.85,270111
España,2018,Caña de azúcar,572899680,61.49,9316474
España,2018,Cebada,6729433,5.75,1169613
España,2018,Girasol,6512624,2.45,2662388
España,2018,Soja,491949,2.69,182741
España,2018,Trigo,28388837,8.37,3390687
España,2018,Té,699320,3.61,193643
España,2019,Algodón,1186685,2.5,474799
España,2019,Café,946443,2.43,390039
España,2019,Caña de azúcar,154627960,67.71,2283829
España,2019,Cebada,6621618,3.27,2022147
España,2019,Girasol,18394434,3.95,4653313
España,2019,Soja,11167667,2.54,4405303
España,2019,Trigo,12490196,7.44,1678156
España,2019,Té,128076,0.99,128870
España,2020,Algodón,15543588,4.21,3693079
España,2020,Café,202454,2.21,91810
España,2020,Caña de azúcar,434816978,123.1,3532115
España,2020,Cebada,9950455,5.49,1813890
España,2020,Girasol,980120,2.1,466876
España,2020,Soja,18307191,4.67,3916482
España,2020,Trigo,5241170,1.88,2783965
España,2020,Té,279207,1.27,219731
Estados Unidos,2011,Algodón,2925948,3.92,746437
Estados Unidos,2011,Arroz,6310104,4.16,1515527
Estados Unidos,2011,Caña de azúcar,302252772,72.26,4183118
Estados Unidos,2011,Cebada,5309930,3.45,1540777
Estados Unidos,2011,Girasol,2473119,1.76,1407727
Estados Unidos,2011,Maíz,31248261,10.04,3111264
Estados Unidos,2011,Trigo,22754122,4.59,4961874
Estados Unidos,2011,Té,92080,1.15,80107
Estados Unidos,2012,Algodón,6826536,3.47,1966641
Estados Unidos,2012,Arroz,12215610,6.77,1803411
Estados Unidos,2012,Caña de azúcar,226541491,70.29,3222750
Estados Unidos,2012,Cebada,7808116,5.5,1419480
Estados Unidos,2012,Girasol,9157720,3.02,3037060
Estados Unidos,2012,Maíz,7635622,7.85,972525
Estados Unidos,2012,Trigo,781498,2.32,337546
Estados Unidos,2012,Té,495688,1.7,291769
Estados Unidos,2013,Algodón,3965714,1.78,2225658
Estados Unidos,2013,Arroz,16343391,6.0,2724671
Estados Unidos,2013,Caña de azúcar,374831609,97.1,3860287
Estados Unidos,2013,Cebada,7939678,5.48,1450111
Estados Unidos,2013,Girasol,7188568,1.59,4520329
Estados Unidos,2013,Maíz,37284991,4.73,7875390
Estados Unidos,2013,Trigo,22326033,8.07,2765763
Estados Unidos,2013,Té,161748,1.92,84451
Estados Unidos,2014,Algodón,5639302,3.13,1800614
Estados Unidos,2014,Arroz,4461103,6.44,692298
Estados Unidos,2014,Caña de azúcar,39418652,78.3,503427
Estados Unidos,2014,Cebada,9398163,6.86,1369605
Estados Unidos,2014,Girasol,2858777,3.66,780340
Estados Unidos,2014,Maíz,18917053,7.53,2513669
Estados Unidos,2014,Trigo,42525703,8.29,5130825
Estados Unidos,2014,Té,205217,2.57,79770
Estados Unidos,2015,Algodón,207071,2.23,92743
Estados Unidos,2015,Arroz,11503705,5.84,1971236
Estados Unidos,2015,Caña de azúcar,103622663,91.6,1131248
Estados Unidos,2015,Cebada,2061988,4.38,470886
Estados Unidos,2015,Girasol,8303171,2.95,2816115
Estados Unidos,2015,Maíz,66907564,11.0,6082617
Estados Unidos,2015,Trigo,4087613,5.51,741243
Estados Unidos,2015,Té,91683,2.47,37181
Estados Unidos,2016,Algodón,1731601,2.14,809350
Estados Unidos,2016,Arroz,16979569,8.18,2074784
Estados Unidos,2016,Caña de azúcar,512167955,67.34,7605385
Estados Unidos,2016,Cebada,1561657,3.46,450723
Estados Unidos,2016,Girasol,828592,1.67,496324
Estados Unidos,2016,Maíz,24723101,8.79,2811278
Estados Unidos,2016,Trigo,18881779,4.37,4316022
Estados Unidos,2016,Té,204149,0.96,213023
Estados Unidos,2017,Algodón,5124906,3.3,1551080
Estados Unidos,2017,Arroz,12076480,5.13,2355072
Estados Unidos,2017,Caña de azúcar,312653511,95.73,3265959
Estados Unidos,2017,Cebada,3281328,3.74,878533
Estados Unidos,2017,Girasol,8463505,2.7,3138794
Estados Unidos,2017,Maíz,37396696,7.74,4829549
Estados Unidos,2017,Trigo,6427423,3.08,2088849
Estados Unidos,2017,Té,282443,1.94,145612
Estados Unidos,2018,Algodón,3780271,1.59,2380383
Estados Unidos,2018,Arroz,5979789,4.44,1347592
Estados Unidos,2018,Caña de azúcar,42919275,82.73,518763
Estados Unidos,2018,Cebada,7020665,4.48,1565754
Estados Unidos,2018,Girasol,653243,2.46,265813
Estados Unidos,2018,Maíz,14008334,6.04,2320189
Estados Unidos,2018,Trigo,8870010,3.5,2531674
Estados Unidos,2018,Té,287538,1.15,250502
Estados Unidos,2019,Algodón,1751980,4.38,399791
Estados Unidos,2019,Arroz,949799,4.81,197640
Estados Unidos,2019,Caña de azúcar,409650994,54.67,7492961
Estados Unidos,2019,Cebada,2314849,3.34,692271
Estados Unidos,2019,Girasol,4814466,1.33,3622258
Estados Unidos,2019,Maíz,33693619,5.84,5773045
Estados Unidos,2019,Trigo,10435086,3.11,3350284
Estados Unidos,2019,Té,594773,1.97,302617
Estados Unidos,2020,Algodón,6595382,3.29,2007293
Estados Unidos,2020,Arroz,8951028,6.1,1467721
Estados Unidos,2020,Caña de azúcar,959203855,105.62,9081402
Estados Unidos,2020,Cebada,199266,2.76,72231
Estados Unidos,2020,Girasol,5905368,1.65,3568661
Estados Unidos,2020,Maíz,11016129,8.15,1352354
Estados Unidos,2020,Trigo,23972607,5.29,4531938
Estados Unidos,2020,Té,306478,1.36,224618
Francia,2011,Algodón,11001262,3.67,2996868
Francia,2011,Café,164546,2.0,82475
Francia,2011,Caña de azúcar,322291162,57.97,5559740
Francia,2011,Cebada,3729649,3.06,1217255
Francia,2011,Girasol,7408674,1.8,4110573
Francia,2011,Maíz,8623163,6.4,1347210
Francia,2011,Soja,8743027,3.41,2562682
Francia,2011,Trigo,117982,4.56,25895
Francia,2012,Algodón,2600560,3.64,713460
Francia,2012,Café,182849,0.43,430040
Francia,2012,Caña de azúcar,1830466,59.86,30581
Francia,2012,Cebada,2449296,5.79,423140
Francia,2012,Girasol,3252517,1.64,1979041
Francia,2012,Maíz,63939999,6.92,9241058
Francia,2012,Soja,16653198,3.98,4187540
Francia,2012,Trigo,11758877,3.92,2998434
Francia,2013,Algodón,512051,1.19,429131
Francia,2013,Café,192528,1.38,139998
Francia,2013,Caña de azúcar,492063129,103.83,4739070
Francia,2013,Cebada,2114426,3.43,616290
Francia,2013,Girasol,2249765,1.73,1299511
Francia,2013,Maíz,16398589,3.35,4891914
Francia,2013,Soja,32789867,4.44,7382666
Francia,2013,Trigo,2938255,4.13,711089
Francia,2014,Algodón,5466572,3.44,1587424
Francia,2014,Café,510944,1.74,293964
Francia,2014,Caña de azúcar,74667888,67.73,1102376
Francia,2014,Cebada,5297900,5.68,933176
Francia,2014,Girasol,2627318,2.89,910255
Francia,2014,Maíz,3059212,8.98,340482
Francia,2014,Soja,4766252,3.89,1225700
Francia,2014,Trigo,8159385,2.41,3379919
Francia,2015,Algodón,1512868,2.72,556166
Francia,2015,Café,119476,0.52,231402
Francia,2015,Caña de azúcar,677798895,98.68,6868529
Francia,2015,Cebada,1927653,5.58,345478
Francia,2015,Girasol,11004498,3.3,3333903
Francia,2015,Maíz,65937535,6.75,9775158
Francia,2015,Soja,14748171,3.1,4762741
Francia,2015,Trigo,15935062,4.62,3447131
Francia,2016,Algodón,10623762,3.71,2865234
Francia,2016,Café,127098,0.8,158090
Francia,2016,Caña de azúcar,393559386,77.52,5076769
Francia,2016,Cebada,3829336,5.85,655118
Francia,2016,Girasol,15361424,3.11,4934310
Francia,2016,Maíz,48090842,6.55,7345376
Francia,2016,Soja,28662861,3.75,7648388
Francia,2016,Trigo,5664819,4.17,1358516
Francia,2017,Algodón,8429029,5.25,1604508
Francia,2017,Café,118758,2.0,59367
Francia,2017,Caña de azúcar,129934281,72.49,1792527
Francia,2017,Cebada,7377694,4.82,1531785
Francia,2017,Girasol,9650519,2.64,3654984
Francia,2017,Maíz,82606555,9.83,8406925
Francia,2017,Soja,2225200,3.3,673748
Francia,2017,Trigo,9979225,2.3,4337131
Francia,2018,Algodón,684620,1.32,517471
Francia,2018,Café,448625,1.94,230829
Francia,2018,Caña de azúcar,360992294,66.28,5446391
Francia,2018,Cebada,113980,2.22,51321
Francia,2018,Girasol,5589285,2.86,1954569
Francia,2018,Maíz,27133498,6.29,4315885
Francia,2018,Soja,14481520,3.88,3734645
Francia,2018,Trigo,1117844,8.18,136608
Francia,2019,Algodón,935387,2.47,378722
Francia,2019,Café,172477,0.59,294790
Francia,2019,Caña de azúcar,583398817,58.78,9924801
Francia,2019,Cebada,4667702,4.59,1016661
Francia,2019,Girasol,4599763,2.84,1620329
Francia,2019,Maíz,8364455,2.98,2802897
Francia,2019,Soja,12248712,3.25,3763862
Francia,2019,Trigo,5796128,5.25,1103872
Francia,2020,Algodón,214634,1.08,198939
Francia,2020,Café,1338017,2.3,581127
Francia,2020,Caña de azúcar,198565980,62.49,3177698
Francia,2020,Cebada,4203011,4.13,1017381
Francia,2020,Girasol,1034442,1.79,577596
Francia,2020,Maíz,88085375,8.35,10551668
Francia,2020,Soja,20268918,3.88,5229927
Francia,2020,Trigo,4605855,4.86,947329
India,2011,Algodón,3939970,1.58,2492941
India,2011,Arroz,11209388,5.44,2058871
India,2011,Café,516902,1.3,397847
India,2011,Caña de azúcar,373416731,80.57,4634750
India,2011,Cebada,4864842,2.8,1739332
India,2011,Girasol,5000849,2.2,2269062
India,2011,Trigo,19620529,7.58,2588659
India,2011,Té,281510,1.13,248340
India,2012,Algodón,6797942,2.74,2480612
India,2012,Arroz,9164387,5.89,1555805
India,2012,Café,136605,0.75,181574
India,2012,Caña de azúcar,465219356,92.35,5037771
India,2012,Cebada,5409411,4.46,1212791
India,2012,Girasol,2145640,2.68,799566
India,2012,Trigo,9962430,6.82,1461191
India,2012,Té,80375,1.73,46506
India,2013,Algodón,1255882,1.77,709464
India,2013,Arroz,627055,6.28,99921
India,2013,Café,113619,0.58,194368
India,2013,Caña de azúcar,248848979,100.41,2478284
India,2013,Cebada,7038627,3.96,1778952
India,2013,Girasol,2567206,1.3,1980186
India,2013,Trigo,20739361,7.34,2825741
India,2013,Té,57070,1.89,30162
India,2014,Algodón,2232831,1.94,1148704
India,2014,Arroz,7970650,4.63,1722902
India,2014,Café,256066,1.52,168945
India,2014,Caña de azúcar,587048732,92.87,6321138
India,2014,Cebada,1906711,5.08,375339
India,2014,Girasol,1282312,2.38,538836
India,2014,Trigo,9497254,8.2,1158110
India,2014,Té,12182,1.26,9673
India,2015,Algodón,1344769,1.63,824680
India,2015,Arroz,19331936,6.25,3091241
India,2015,Café,522375,1.14,457036
India,2015,Caña de azúcar,514954770,61.44,8381903
India,2015,Cebada,1001124,3.14,319231
India,2015,Girasol,11005432,2.34,4710171
India,2015,Trigo,10943711,2.66,4117779
India,2015,Té,51855,1.69,30603
India,2016,Algodón,7090899,2.97,2387357
India,2016,Arroz,22106129,8.31,2661735
India,2016,Café,461947,1.44,321602
India,2016,Caña de azúcar,404547795,93.11,4344791
India,2016,Cebada,1571815,3.74,420777
India,2016,Girasol,4760540,3.33,1427604
India,2016,Trigo,30334016,8.28,3664040
India,2016,Té,556002,2.01,276973
India,2017,Algodón,6926238,2.96,2341234
India,2017,Arroz,10351276,6.33,1636135
India,2017,Café,130017,0.98,132985
India,2017,Caña de azúcar,589831029,75.58,7803917
India,2017,Cebada,8125409,5.44,1493881
India,2017,Girasol,169546,2.43,69762
India,2017,Trigo,9210226,2.82,3269093
India,2017,Té,23009,1.15,20051
India,2018,Algodón,10098800,4.01,2519068
India,2018,Arroz,5217314,4.58,1138520
India,2018,Café,73103,1.55,47246
India,2018,Caña de azúcar,248624083,110.6,2247959
India,2018,Cebada,9766649,5.93,1646453
India,2018,Girasol,5856333,2.46,2378260
India,2018,Trigo,13563868,6.52,2080014
India,2018,Té,241747,1.97,122560
India,2019,Algodón,8597231,2.57,3344476
India,2019,Arroz,15557864,4.85,3204997
India,2019,Café,25438,0.71,35628
India,2019,Caña de azúcar,416010087,87.68,4744475
India,2019,Cebada,2080073,3.77,552172
India,2019,Girasol,1696050,1.95,870483
India,2019,Trigo,14711643,4.66,3154622
India,2019,Té,460311,2.31,199284
India,2020,Algodón,6592976,3.59,1835936
India,2020,Arroz,5828338,3.32,1754316
India,2020,Café,641811,1.9,337485
India,2020,Caña de azúcar,304385879,83.68,3637515
India,2020,Cebada,2127121,3.79,561344
India,2020,Girasol,17318883,3.62,4779830
India,2020,Trigo,13150041,5.96,2205280
India,2020,Té,245424,1.42,172937
Italia,2011,Algodón,1290185,2.38,542177
Italia,2011,Arroz,3301882,4.76,693364
Italia,2011,Caña de azúcar,1048129669,109.59,9563878
Italia,2011,Cebada,3871140,4.36,887279
Italia,2011,Maíz,8637525,9.61,898773
Italia,2011,Soja,3708106,3.25,1142469
Italia,2011,Trigo,12212620,3.97,3078347
Italia,2011,Té,915914,3.0,305692
Italia,2012,Algodón,6539425,3.89,1680650
Italia,2012,Arroz,2784221,4.01,694185
Italia,2012,Caña de azúcar,410212809,81.97,5004516
Italia,2012,Cebada,1308788,2.99,438318
Italia,2012,Maíz,22649333,3.35,6761265
Italia,2012,Soja,13043285,2.46,5296585
Italia,2012,Trigo,16424967,4.45,3690548
Italia,2012,Té,338646,1.74,194957
Italia,2013,Algodón,1819816,1.38,1318150
Italia,2013,Arroz,1704690,8.51,200336
Italia,2013,Caña de azúcar,419073906,76.27,5494552
Italia,2013,Cebada,6200491,4.92,1260924
Italia,2013,Maíz,51712072,5.9,8763227
Italia,2013,Soja,8337126,3.95,2110590
Italia,2013,Trigo,13899088,3.12,4458333
Italia,2013,Té,314388,1.19,263670
Italia,2014,Algodón,736898,0.86,855749
Italia,2014,Arroz,10695630,6.85,1561128
Italia,2014,Caña de azúcar,519433796,74.03,7016452
Italia,2014,Cebada,4354189,5.0,871300
Italia,2014,Maíz,28767873,7.71,3731247
Italia,2014,Soja,13153563,2.89,4549595
Italia,2014,Trigo,830564,2.17,382210
Italia,2014,Té,92752,1.36,68411
Italia,2015,Algodón,263694,1.31,201235
Italia,2015,Arroz,19181110,7.36,2607415
Italia,2015,Caña de azúcar,168695300,116.94,1442535
Italia,2015,Cebada,5669495,3.71,1529574
Italia,2015,Maíz,19915527,3.5,5694978
Italia,2015,Soja,12846783,2.98,4313967
Italia,2015,Trigo,17963894,5.37,3347921
Italia,2015,Té,186020,2.24,82894
Italia,2016,Algodón,5679848,1.91,2973112
Italia,2016,Arroz,14974997,4.92,3046476
Italia,2016,Caña de azúcar,101181314,114.03,887296
Italia,2016,Cebada,4596256,4.52,1016055
Italia,2016,Maíz,5546597,5.05,1097460
Italia,2016,Soja,10933015,2.85,3838343
Italia,2016,Trigo,22202890,5.13,4327633
Italia,2016,Té,39442,3.25,12151
Italia,2017,Algodón,4750718,1.74,2724919
Italia,2017,Arroz,1531375,3.41,449714
Italia,2017,Caña de azúcar,168028447,96.7,1737623
Italia,2017,Cebada,2558496,2.7,945971
Italia,2017,Maíz,80747593,8.97,8997045
Italia,2017,Soja,20995100,3.96,5304593
Italia,2017,Trigo,18553247,8.31,2232070
Italia,2017,Té,79203,2.31,34320
Italia,2018,Algodón,894984,1.13,789284
Italia,2018,Arroz,9466327,4.93,1920389
Italia,2018,Caña de azúcar,234301414,75.45,3105432
Italia,2018,Cebada,471967,3.06,154313
Italia,2018,Maíz,10930096,3.55,3080788
Italia,2018,Soja,20044312,3.05,6569550
Italia,2018,Trigo,24425443,6.94,3519426
Italia,2018,Té,104002,1.23,84541
Italia,2019,Algodón,1975852,2.13,926244
Italia,2019,Arroz,125645,3.63,34654
Italia,2019,Caña de azúcar,616551861,87.66,7033683
Italia,2019,Cebada,6901949,6.14,1123753
Italia,2019,Maíz,31647936,7.64,4142319
Italia,2019,Soja,10350534,3.53,2932727
Italia,2019,Trigo,25585907,5.37,4768433
Italia,2019,Té,70138,1.08,65220
Italia,2020,Algodón,5105131,1.73,2954981
Italia,2020,Arroz,5707868,8.68,657335
Italia,2020,Caña de azúcar,683478047,106.53,6416127
Italia,2020,Cebada,4623222,2.94,1571050
Italia,2020,Maíz,17380911,5.28,3292576
Italia,2020,Soja,10842100,3.01,3599904
Italia,2020,Trigo,12574146,3.93,3196905
Italia,2020,Té,34785,1.61,21549
Kenia,2011,Arroz,11111258,7.44,1492965
Kenia,2011,Café,620110,1.37,452929
Kenia,2011,Caña de azúcar,475577149,73.18,6498890
Kenia,2011,Cebada,2021500,4.62,437331
Kenia,2011,Girasol,4524849,2.54,1784943
Kenia,2011,Maíz,5783545,4.93,1173027
Kenia,2011,Trigo,151639,6.87,22088
Kenia,2011,Té,25776,1.54,16749
Kenia,2012,Arroz,15855100,6.2,2556896
Kenia,2012,Café,366972,1.47,249802
Kenia,2012,Caña de azúcar,667689700,90.22,7400951
Kenia,2012,Cebada,4625930,5.26,880268
Kenia,2012,Girasol,8215576,1.66,4940331
Kenia,2012,Maíz,7271222,5.0,1455027
Kenia,2012,Trigo,20762360,5.51,3770500
Kenia,2012,Té,74658,1.65,45374
Kenia,2013,Arroz,16324468,6.35,2569032
Kenia,2013,Café,329794,1.3,253096
Kenia,2013,Caña de azúcar,446340871,92.28,4836926
Kenia,2013,Cebada,2073817,3.3,628392
Kenia,2013,Girasol,13615017,2.9,4689013
Kenia,2013,Maíz,28664605,9.38,3057111
Kenia,2013,Trigo,17262710,6.73,2563490
Kenia,2013,Té,647198,2.33,277349
Kenia,2014,Arroz,14998870,7.44,2016633
Kenia,2014,Café,745690,1.75,425342
Kenia,2014,Caña de azúcar,636827012,75.18,8470852
Kenia,2014,Cebada,7862929,4.05,1942573
Kenia,2014,Girasol,16878127,3.62,4660007
Kenia,2014,Maíz,11732977,3.56,3295354
Kenia,2014,Trigo,24609219,5.6,4393220
Kenia,2014,Té,412781,1.72,240227
Kenia,2015,Arroz,8444066,4.3,1961485
Kenia,2015,Café,709233,2.16,327831
Kenia,2015,Caña de azúcar,330727375,72.14,4584607
Kenia,2015,Cebada,3291619,5.2,632997
Kenia,2015,Girasol,14528132,3.21,4525872
Kenia,2015,Maíz,5688373,2.87,1982022
Kenia,2015,Trigo,10809525,3.68,2938483
Kenia,2015,Té,2775,2.84,977
Kenia,2016,Arroz,3412468,4.5,757967
Kenia,2016,Café,860857,2.03,424681
Kenia,2016,Caña de azúcar,92429766,101.68,909055
Kenia,2016,Cebada,887567,3.89,228229
Kenia,2016,Girasol,10845703,2.09,5185918
Kenia,2016,Maíz,68617313,7.52,9121935
Kenia,2016,Trigo,11027203,4.42,2496554
Kenia,2016,Té,37747,1.68,22521
Kenia,2017,Arroz,6526783,6.2,1051878
Kenia,2017,Café,295845,0.94,314278
Kenia,2017,Caña de azúcar,432385185,94.7,4565601
Kenia,2017,Cebada,9349852,5.18,1805472
Kenia,2017,Girasol,15455828,3.46,4472267
Kenia,2017,Maíz,47938790,7.56,6339875
Kenia,2017,Trigo,19131400,5.06,3778155
Kenia,2017,Té,473667,2.05,230812
Kenia,2018,Arroz,622506,3.59,173252
Kenia,2018,Café,66977,0.58,115552
Kenia,2018,Caña de azúcar,174870717,103.71,1686198
Kenia,2018,Cebada,1600530,3.31,483043
Kenia,2018,Girasol,4780870,1.52,3146677
Kenia,2018,Maíz,38164444,4.08,9348544
Kenia,2018,Trigo,7773153,7.5,1036704
Kenia,2018,Té,63718,1.0,63469
Kenia,2019,Arroz,5057766,4.85,1042436
Kenia,2019,Café,574268,2.1,273381
Kenia,2019,Caña de azúcar,249612599,75.82,3291975
Kenia,2019,Cebada,1761352,2.69,654159
Kenia,2019,Girasol,7758298,1.58,4920022
Kenia,2019,Maíz,47908968,6.95,6895963
Kenia,2019,Trigo,2092115,2.1,994109
Kenia,2019,Té,273835,3.2,85652
Kenia,2020,Arroz,16508239,6.83,2415943
Kenia,2020,Café,232904,1.15,202111
Kenia,2020,Caña de azúcar,82640053,58.47,1413264
Kenia,2020,Cebada,3261264,3.02,1079738
Kenia,2020,Girasol,12677903,3.64,3483346
Kenia,2020,Maíz,38945261,7.47,5214983
Kenia,2020,Trigo,9252513,7.58,1221116
Kenia,2020,Té,700065,2.67,262109
México,2011,Algodón,1678814,1.79,935857
México,2011,Arroz,1477876,4.04,365417
México,2011,Café,599893,1.49,401549
México,2011,Caña de azúcar,288105574,86.07,3347197
México,2011,Cebada,423930,3.88,109341
México,2011,Maíz,6565824,4.04,1625460
México,2011,Soja,15956246,4.12,3870462
México,2011,Trigo,12624148,4.67,2703542
México,2012,Algodón,139896,2.14,65258
México,2012,Arroz,2782687,4.17,668085
México,2012,Café,399089,2.0,199720
México,2012,Caña de azúcar,271160952,57.2,4740596
México,2012,Cebada,3407901,4.17,816265
México,2012,Maíz,15665533,4.14,3779997
México,2012,Soja,16350855,3.25,5026622
México,2012,Trigo,6483220,7.59,853885
México,2013,Algodón,5087092,4.02,1265920
México,2013,Arroz,17710587,6.7,2642448
México,2013,Café,86812,1.22,71253
México,2013,Caña de azúcar,462767227,77.53,5968525
México,2013,Cebada,7369231,3.85,1912781
México,2013,Maíz,20767825,4.93,4213483
México,2013,Soja,8012186,3.08,2601154
México,2013,Trigo,7366780,5.47,1347622
México,2014,Algodón,8487553,3.07,2763396
México,2014,Arroz,12682498,5.77,2196872
México,2014,Café,541171,2.11,256677
México,2014,Caña de azúcar,555191162,109.37,5076116
México,2014,Cebada,6116359,3.43,1782729
México,2014,Maíz,10299903,7.75,1329152
México,2014,Soja,15682227,2.15,7307008
México,2014,Trigo,23699937,6.85,3459302
México,2015,Algodón,3539324,2.73,1295123
México,2015,Arroz,9705553,4.75,2042275
México,2015,Café,100148,1.76,56763
México,2015,Caña de azúcar,343604544,89.45,3841191
México,2015,Cebada,6690810,4.0,1672704
México,2015,Maíz,82214280,9.22,8920733
México,2015,Soja,3655825,2.62,1396210
México,2015,Trigo,6895036,4.4,1568680
México,2016,Algodón,172237,2.75,62652
México,2016,Arroz,5018747,5.61,893835
México,2016,Café,74808,0.79,94934
México,2016,Caña de azúcar,52955290,106.68,496406
México,2016,Cebada,5548971,4.35,1275685
México,2016,Maíz,53144280,6.22,8549934
México,2016,Soja,23304450,2.94,7925431
México,2016,Trigo,20149739,5.97,3374476
México,2017,Algodón,9931194,3.33,2979221
México,2017,Arroz,18748687,6.9,2716916
México,2017,Café,13349,1.78,7519
México,2017,Caña de azúcar,505069939,126.18,4002623
México,2017,Cebada,3274301,2.76,1187385
México,2017,Maíz,63606604,9.91,6416585
México,2017,Soja,25021680,3.82,6552179
México,2017,Trigo,182598,2.43,75267
México,2018,Algodón,3726245,1.95,1906672
México,2018,Arroz,861831,5.88,146647
México,2018,Café,269198,1.01,265723
México,2018,Caña de azúcar,37030900,70.88,522417
México,2018,Cebada,5124657,3.58,1432444
México,2018,Maíz,22175430,3.28,6756643
México,2018,Soja,21167156,3.07,6886929
México,2018,Trigo,1650061,7.08,233211
México,2019,Algodón,10700337,3.77,2839404
México,2019,Arroz,20480001,6.02,3400799
México,2019,Café,231306,1.35,171281
México,2019,Caña de azúcar,922178053,76.58,12041881
México,2019,Cebada,3304838,5.18,637786
México,2019,Maíz,4052707,7.28,556693
México,2019,Soja,21758667,4.76,4569945
México,2019,Trigo,1022593,4.55,224613
México,2020,Algodón,6267890,2.49,2514368
México,2020,Arroz,20035304,5.85,3425226
México,2020,Café,88583,1.33,66721
México,2020,Caña de azúcar,220999233,73.9,2990681
México,2020,Cebada,9666690,5.11,1892781
México,2020,Maíz,34938986,10.62,3289794
México,2020,Soja,31810766,4.36,7290204
México,2020,Trigo,12615934,6.07,2078143
Nueva Zelanda,2011,Algodón,3233987,3.36,962947
Nueva Zelanda,2011,Arroz,5192522,4.06,1278169
Nueva Zelanda,2011,Café,227221,0.62,364197
Nueva Zelanda,2011,Caña de azúcar,106273126,70.36,1510485
Nueva Zelanda,2011,Cebada,6526636,5.56,1172950
Nueva Zelanda,2011,Girasol,14013372,3.11,4509461
Nueva Zelanda,2011,Maíz,71605324,8.51,8415901
Nueva Zelanda,2011,Trigo,13296328,4.54,2929603
Nueva Zelanda,2012,Algodón,9684267,4.71,2054057
Nueva Zelanda,2012,Arroz,644684,5.82,110795
Nueva Zelanda,2012,Café,99739,1.14,87457
Nueva Zelanda,2012,Caña de azúcar,248164785,72.11,3441473
Nueva Zelanda,2012,Cebada,6404827,3.11,2059084
Nueva Zelanda,2012,Girasol,2432676,1.77,1372963
Nueva Zelanda,2012,Maíz,35020655,4.51,7766304
Nueva Zelanda,2012,Trigo,31201887,6.2,5033477
Nueva Zelanda,2013,Algodón,568922,1.51,376410
Nueva Zelanda,2013,Arroz,2986140,4.88,611929
Nueva Zelanda,2013,Café,398675,2.47,161185
Nueva Zelanda,2013,Caña de azúcar,583046704,89.12,6542289
Nueva Zelanda,2013,Cebada,4203926,4.5,935184
Nueva Zelanda,2013,Girasol,2618022,3.3,794193
Nueva Zelanda,2013,Maíz,27286063,3.92,6957685
Nueva Zelanda,2013,Trigo,18802478,3.87,4856973
Nueva Zelanda,2014,Algodón,745147,1.14,654184
Nueva Zelanda,2014,Arroz,19497240,6.16,3165172
Nueva Zelanda,2014,Café,587866,1.25,471560
Nueva Zelanda,2014,Caña de azúcar,35930768,70.25,511479
Nueva Zelanda,2014,Cebada,182913,4.1,44647
Nueva Zelanda,2014,Girasol,6799614,1.75,3895209
Nueva Zelanda,2014,Maíz,8978743,6.61,1359086
Nueva Zelanda,2014,Trigo,2443050,2.01,1213775
Nueva Zelanda,2015,Algodón,708647,2.22,319081
Nueva Zelanda,2015,Arroz,8361265,7.17,1165457
Nueva Zelanda,2015,Café,162814,0.87,186902
Nueva Zelanda,2015,Caña de azúcar,182323649,87.78,2076994
Nueva Zelanda,2015,Cebada,8053065,5.27,1529278
Nueva Zelanda,2015,Girasol,2101231,2.13,985945
Nueva Zelanda,2015,Maíz,6160772,3.53,1744267
Nueva Zelanda,2015,Trigo,5660937,2.01,2823390
Nueva Zelanda,2016,Algodón,1159170,2.2,526856
Nueva Zelanda,2016,Arroz,7537902,4.17,1808947
Nueva Zelanda,2016,Café,971634,1.86,521875
Nueva Zelanda,2016,Caña de azúcar,343237328,65.93,5205841
Nueva Zelanda,2016,Cebada,3079005,3.9,790313
Nueva Zelanda,2016,Girasol,5309353,2.28,2333225
Nueva Zelanda,2016,Maíz,32988871,4.89,6742029
Nueva Zelanda,2016,Trigo,28798262,5.82,4946605
Nueva Zelanda,2017,Algodón,3394278,1.71,1983875
Nueva Zelanda,2017,Arroz,1788960,6.02,297325
Nueva Zelanda,2017,Café,815926,2.27,359415
Nueva Zelanda,2017,Caña de azúcar,318776662,101.52,3139918
Nueva Zelanda,2017,Cebada,7962746,3.63,2191659
Nueva Zelanda,2017,Girasol,20983524,4.23,4954945
Nueva Zelanda,2017,Maíz,5591860,9.85,567899
Nueva Zelanda,2017,Trigo,16323396,3.71,4402463
Nueva Zelanda,2018,Algodón,1615339,1.37,1175567
Nueva Zelanda,2018,Arroz,1393104,5.62,247944
Nueva Zelanda,2018,Café,487643,1.44,338094
Nueva Zelanda,2018,Caña de azúcar,258458708,100.55,2570478
Nueva Zelanda,2018,Cebada,4310970,2.33,1851990
Nueva Zelanda,2018,Girasol,8493683,2.72,3120147
Nueva Zelanda,2018,Maíz,5341906,8.46,631408
Nueva Zelanda,2018,Trigo,5312997,2.36,2252411
Nueva Zelanda,2019,Algodón,3728812,3.62,1029438
Nueva Zelanda,2019,Arroz,5942475,4.9,1212993
Nueva Zelanda,2019,Café,629184,1.49,421007
Nueva Zelanda,2019,Caña de azúcar,430763750,66.35,6492751
Nueva Zelanda,2019,Cebada,5299470,2.88,1839692
Nueva Zelanda,2019,Girasol,13861833,3.17,4372084
Nueva Zelanda,2019,Maíz,70569468,7.78,9069506
Nueva Zelanda,2019,Trigo,12481999,2.64,4724972
Nueva Zelanda,2020,Algodón,3824116,2.4,1591529
Nueva Zelanda,2020,Arroz,444759,4.56,97594
Nueva Zelanda,2020,Café,738416,1.63,454309
Nueva Zelanda,2020,Caña de azúcar,92163881,77.25,1193069
Nueva Zelanda,2020,Cebada,2479533,4.04,613404
Nueva Zelanda,2020,Girasol,8397422,2.35,3577502
Nueva Zelanda,2020,Maíz,3121216,5.65,552493
Nueva Zelanda,2020,Trigo,20771351,6.75,3079474
Rusia,2011,Algodón,3478146,1.95,1781063
Rusia,2011,Café,75194,0.63,118650
Rusia,2011,Caña de azúcar,805841104,126.01,6394827
Rusia,2011,Cebada,1985833,4.3,461680
Rusia,2011,Girasol,7776662,2.99,2602793
Rusia,2011,Maíz,12367589,5.72,2161490
Rusia,2011,Soja,2028226,2.62,774349
Rusia,2011,Trigo,7648988,2.37,3228420
Rusia,2012,Algodón,4513069,2.0,2256560
Rusia,2012,Café,455200,1.83,248392
Rusia,2012,Caña de azúcar,370966107,92.95,3991120
Rusia,2012,Cebada,7927964,4.78,1659829
Rusia,2012,Girasol,8764652,2.91,3013852
Rusia,2012,Maíz,19346731,7.09,2730256
Rusia,2012,Soja,34031531,4.99,6817505
Rusia,2012,Trigo,10545348,6.53,1615793
Rusia,2013,Algodón,5711680,2.31,2474874
Rusia,2013,Café,499514,1.24,403689
Rusia,2013,Caña de azúcar,430754634,61.35,7021626
Rusia,2013,Cebada,234012,4.74,49344
Rusia,2013,Girasol,3670573,1.14,3210228
Rusia,2013,Maíz,77238948,7.92,9755307
Rusia,2013,Soja,24486344,4.2,5831598
Rusia,2013,Trigo,10884381,6.58,1653006
Rusia,2014,Algodón,4540597,2.99,1518577
Rusia,2014,Café,264440,1.75,151536
Rusia,2014,Caña de azúcar,252222992,76.77,3285556
Rusia,2014,Cebada,5382808,3.6,1496770
Rusia,2014,Girasol,12471034,3.07,4066442
Rusia,2014,Maíz,33263501,8.12,4094438
Rusia,2014,Soja,7754912,3.21,2416879
Rusia,2014,Trigo,10728655,6.73,1593562
Rusia,2015,Algodón,6651057,3.22,2064385
Rusia,2015,Café,416572,0.85,489914
Rusia,2015,Caña de azúcar,620768065,90.66,6847030
Rusia,2015,Cebada,1942280,4.64,418877
Rusia,2015,Girasol,4193677,1.65,2544288
Rusia,2015,Maíz,2148592,8.87,242152
Rusia,2015,Soja,9901439,2.67,3715215
Rusia,2015,Trigo,17536779,5.8,3022795
Rusia,2016,Algodón,5020399,3.17,1584915
Rusia,2016,Café,574270,1.89,304214
Rusia,2016,Caña de azúcar,751604242,80.27,9363067
Rusia,2016,Cebada,8034591,4.66,1725864
Rusia,2016,Girasol,1225138,1.62,758037
Rusia,2016,Maíz,79593431,11.63,6844516
Rusia,2016,Soja,34860837,3.81,9161381
Rusia,2016,Trigo,6608255,5.86,1127152
Rusia,2017,Algodón,56729,2.17,26192
Rusia,2017,Café,302889,1.17,259259
Rusia,2017,Caña de azúcar,526864390,138.78,3796488
Rusia,2017,Cebada,1979666,3.78,523887
Rusia,2017,Girasol,11113344,3.25,3423841
Rusia,2017,Maíz,47083548,6.61,7123923
Rusia,2017,Soja,245118,3.74,65553
Rusia,2017,Trigo,4316089,2.17,1991541
Rusia,2018,Algodón,4292400,1.74,2460235
Rusia,2018,Café,163718,0.67,244674
Rusia,2018,Caña de azúcar,481787490,158.45,3040637
Rusia,2018,Cebada,1435553,6.12,234748
Rusia,2018,Girasol,9127643,2.27,4023290
Rusia,2018,Maíz,14787457,7.16,2065766
Rusia,2018,Soja,23632135,3.94,5993068
Rusia,2018,Trigo,876371,2.86,306904
Rusia,2019,Algodón,3117864,1.29,2414725
Rusia,2019,Café,13076,1.84,7113
Rusia,2019,Caña de azúcar,660315875,113.06,5840491
Rusia,2019,Cebada,5096893,3.68,1385589
Rusia,2019,Girasol,596456,1.56,381617
Rusia,2019,Maíz,8164121,4.35,1875616
Rusia,2019,Soja,10122391,3.25,3115021
Rusia,2019,Trigo,2056490,2.38,865044
Rusia,2020,Algodón,4890157,2.53,1934750
Rusia,2020,Café,575454,1.84,312482
Rusia,2020,Caña de azúcar,130596752,55.74,2343080
Rusia,2020,Cebada,3982094,2.98,1337916
Rusia,2020,Girasol,4371350,2.13,2054251
Rusia,2020,Maíz,46450989,7.32,6343828
Rusia,2020,Soja,16480315,2.65,6216059
Rusia,2020,Trigo,6529847,6.2,1052466
